Row No,CPU_Load,Memory_Load,Latency,ORA00600,ORA07445,ORA03113,ORA12154,RCA
1,0,0,0,0,1,0,1,Low Memory
2,0,0,0,0,0,0,1,Low Memory
3,0,1,1,0,0,1,1,Low Memory
4,0,1,0,1,1,0,1,Low Memory
5,1,1,0,1,0,1,0,Network Latency
6,0,0,1,1,0,0,0,Network Latency
7,1,0,0,1,1,0,0,Network Latency
8,0,0,0,1,1,0,1,Database Bug
9,0,1,0,0,1,0,1,Low Memory
10,0,0,0,1,1,0,1,Network Latency
11,1,0,0,0,0,0,1,Low Memory
12,1,0,1,0,0,0,0,Database Bug
13,0,1,0,0,0,1,1,Low Memory
14,0,1,1,0,0,1,0,Database Bug
15,1,0,1,0,1,0,0,Network Latency
16,1,0,0,0,1,0,1,Low Memory
17,0,1,0,0,0,1,1,Low Memory
18,0,1,0,1,0,0,1,Low Memory
19,0,1,1,0,0,1,0,Network Latency
20,0,1,0,0,0,0,0,Low Memory
21,0,1,1,1,1,0,0,Network Latency
22,1,0,0,0,0,0,0,Low Memory
23,1,1,0,0,1,0,1,Low Memory
24,0,1,1,0,0,0,1,Low Memory
25,0,0,1,1,1,0,0,Network Latency
26,0,1,0,0,0,1,1,Low Memory
27,0,1,0,0,0,0,1,Low Memory
28,0,0,1,0,0,1,0,Network Latency
29,0,0,1,1,0,1,0,Network Latency
30,0,0,0,0,0,0,1,Low Memory
31,1,1,0,0,0,0,0,Database Bug
32,1,1,1,0,0,1,1,Low Memory
33,1,1,0,0,0,1,1,Low Memory
34,1,1,1,1,0,0,0,Network Latency
35,0,0,0,0,0,0,1,Low Memory
36,1,0,0,1,1,1,1,Database Bug
37,0,1,1,0,0,0,1,Low Memory
38,1,0,1,0,0,1,0,Database Bug
39,1,0,0,1,1,1,0,Database Bug
40,0,0,1,1,1,0,0,Network Latency
41,1,0,0,0,1,0,1,Network Latency
42,1,0,1,0,0,1,0,Database Bug
43,0,0,0,0,0,1,0,Low Memory
44,1,0,0,0,1,1,0,Database Bug
45,0,1,1,1,1,0,0,Network Latency
46,0,0,1,0,0,0,0,Network Latency
47,0,1,0,1,1,0,0,Network Latency
48,1,1,1,1,1,1,0,Database Bug
49,0,0,1,0,0,0,0,Network Latency
50,1,0,0,0,0,1,0,Database Bug
51,0,0,0,0,0,0,1,Low Memory
52,1,0,0,1,1,1,1,Database Bug
53,1,0,0,0,0,1,0,Database Bug
54,1,0,0,0,1,1,1,Database Bug
55,0,0,1,1,1,0,0,Network Latency
56,0,1,0,1,0,1,0,Low Memory
57,0,0,1,0,1,0,1,Network Latency
58,0,1,1,1,0,0,1,Low Memory
59,1,0,0,0,0,1,0,Database Bug
60,1,0,0,0,1,1,0,Database Bug
61,0,0,1,1,1,0,0,Network Latency
62,1,1,0,0,0,1,1,Low Memory
63,1,0,0,0,0,1,0,Database Bug
64,0,1,0,0,0,1,1,Low Memory
65,0,1,1,1,0,1,1,Network Latency
66,0,0,0,0,0,0,1,Low Memory
67,1,1,0,1,0,1,0,Database Bug
68,1,0,0,0,0,1,1,Database Bug
69,0,1,0,0,0,1,1,Low Memory
70,0,0,1,1,0,0,0,Network Latency
71,1,1,0,1,1,0,1,Low Memory
72,1,1,1,0,0,1,0,Database Bug
73,0,1,0,0,0,0,1,Low Memory
74,1,1,0,0,1,0,1,Database Bug
75,0,0,1,1,1,0,0,Network Latency
76,0,1,0,0,0,0,1,Low Memory
77,1,1,1,1,0,0,0,Network Latency
78,1,0,1,1,1,0,0,Network Latency
79,1,0,1,1,1,0,0,Network Latency
80,0,0,1,1,0,0,0,Network Latency
81,1,0,1,1,1,0,0,Network Latency
82,1,1,0,1,0,1,1,Low Memory
83,0,0,1,1,1,0,0,Network Latency
84,0,1,1,0,1,0,1,Low Memory
85,1,0,0,1,0,0,0,Network Latency
86,0,0,1,0,0,1,0,Network Latency
87,1,1,0,0,0,1,0,Database Bug
88,0,1,0,1,1,0,1,Low Memory
89,0,1,1,0,1,1,1,Low Memory
90,1,0,0,0,0,1,0,Database Bug
91,0,1,0,0,1,0,1,Low Memory
92,0,0,0,0,1,0,0,Low Memory
93,0,1,1,0,1,0,1,Low Memory
94,0,1,0,0,0,0,0,Low Memory
95,0,1,0,0,1,0,1,Low Memory
96,0,0,1,1,1,0,0,Network Latency
97,1,0,0,0,0,0,0,Database Bug
98,0,0,0,0,0,0,0,Low Memory
99,1,1,0,1,0,1,1,Low Memory
100,1,1,0,0,1,1,0,Low Memory
101,0,1,0,0,0,0,1,Low Memory
102,0,1,0,1,0,1,1,Low Memory
103,0,0,0,0,0,0,0,Network Latency
104,1,0,0,0,1,1,0,Database Bug
105,0,0,0,1,0,0,1,Low Memory
106,0,0,1,1,1,0,0,Network Latency
107,0,0,1,1,0,0,0,Network Latency
108,1,1,0,0,0,1,0,Database Bug
109,1,0,0,0,0,1,0,Database Bug
110,1,1,1,0,1,0,1,Low Memory
111,0,0,1,1,0,1,0,Network Latency
112,0,0,1,1,0,0,0,Network Latency
113,0,1,0,0,1,0,0,Network Latency
114,1,1,0,0,1,1,0,Database Bug
115,1,1,1,0,0,1,0,Database Bug
116,1,0,0,0,1,1,0,Database Bug
117,0,1,0,0,0,0,0,Low Memory
118,0,0,0,0,1,0,1,Low Memory
119,0,1,0,1,1,0,1,Low Memory
120,0,0,1,1,1,1,1,Network Latency
121,0,1,0,1,0,1,0,Low Memory
122,1,1,0,0,1,0,0,Database Bug
123,1,0,1,0,0,1,0,Network Latency
124,1,0,0,0,1,1,0,Database Bug
125,1,0,0,0,0,1,0,Database Bug
126,0,0,1,1,1,0,0,Network Latency
127,0,1,1,0,1,0,0,Network Latency
128,0,0,0,0,1,0,0,Network Latency
129,0,1,0,0,0,0,0,Low Memory
130,1,0,0,0,0,1,0,Database Bug
131,0,0,1,1,1,0,0,Network Latency
132,1,0,0,0,0,0,0,Low Memory
133,1,0,1,0,0,1,0,Database Bug
134,1,0,0,0,1,0,0,Database Bug
135,0,0,0,0,1,0,1,Database Bug
136,1,1,0,0,1,1,1,Database Bug
137,1,0,0,0,1,0,0,Database Bug
138,0,0,1,1,0,1,1,Network Latency
139,0,1,1,0,1,0,1,Low Memory
140,0,1,0,1,1,0,0,Low Memory
141,0,0,1,1,1,1,0,Network Latency
142,0,1,0,1,1,1,0,Database Bug
143,0,1,1,0,0,1,0,Database Bug
144,1,1,1,0,1,0,1,Low Memory
145,1,0,0,0,1,1,1,Database Bug
146,0,0,1,1,0,0,0,Network Latency
147,1,1,0,1,0,0,1,Low Memory
148,0,0,1,1,1,0,0,Network Latency
149,1,0,1,0,0,1,0,Database Bug
150,0,0,1,1,0,0,0,Network Latency
151,0,0,1,1,0,1,0,Network Latency
152,0,1,0,0,0,1,1,Low Memory
153,1,1,1,1,0,1,1,Database Bug
154,0,0,1,0,0,0,1,Network Latency
155,0,0,0,1,1,1,0,Database Bug
156,0,0,0,0,0,1,0,Database Bug
157,1,0,0,1,1,1,0,Database Bug
158,0,0,0,1,0,0,1,Network Latency
159,0,1,1,0,1,0,0,Network Latency
160,0,1,0,0,1,0,1,Low Memory
161,0,0,1,1,0,1,0,Network Latency
162,0,0,1,1,0,0,0,Network Latency
163,1,0,1,1,1,0,1,Network Latency
164,0,0,0,0,1,1,0,Database Bug
165,1,0,1,1,1,0,0,Network Latency
166,0,0,0,1,1,0,1,Network Latency
167,0,1,0,0,0,0,1,Low Memory
168,1,0,0,0,0,1,0,Database Bug
169,0,1,0,0,0,0,1,Low Memory
170,0,1,0,0,0,0,0,Low Memory
171,1,1,1,1,0,1,0,Database Bug
172,0,1,1,0,1,1,1,Low Memory
173,0,1,0,1,0,0,0,Network Latency
174,0,1,1,1,0,0,1,Low Memory
175,0,1,1,0,0,0,1,Low Memory
176,1,0,0,0,0,0,0,Database Bug
177,0,1,1,1,0,0,1,Low Memory
178,0,1,0,0,1,1,0,Low Memory
179,1,1,0,0,0,0,1,Low Memory
180,0,0,0,0,1,1,0,Database Bug
181,0,0,1,0,0,0,0,Network Latency
182,0,1,1,0,0,1,1,Low Memory
183,1,1,0,0,1,1,0,Database Bug
184,1,0,0,0,1,1,0,Database Bug
185,1,0,0,0,1,1,1,Low Memory
186,1,0,0,0,1,1,0,Database Bug
187,0,1,1,0,0,1,0,Low Memory
188,0,0,1,1,0,0,0,Network Latency
189,0,0,1,1,1,1,0,Database Bug
190,0,1,0,0,0,0,1,Low Memory
191,1,1,0,0,1,0,1,Low Memory
192,1,1,0,0,0,0,1,Low Memory
193,0,0,1,1,1,0,1,Network Latency
194,1,0,1,0,1,0,1,Low Memory
195,1,0,1,1,1,0,0,Network Latency
196,1,0,0,1,1,1,1,Database Bug
197,1,0,0,0,1,0,0,Database Bug
198,1,1,0,0,1,0,0,Database Bug
199,1,1,0,0,1,1,1,Database Bug
200,0,0,0,1,0,0,0,Low Memory
201,1,0,0,1,1,1,0,Database Bug
202,0,0,0,1,1,0,0,Network Latency
203,1,1,0,0,0,0,0,Low Memory
204,0,1,0,0,1,0,1,Low Memory
205,1,1,0,0,1,1,0,Database Bug
206,1,0,0,0,0,0,0,Network Latency
207,1,0,0,1,1,1,0,Database Bug
208,1,0,0,0,0,0,1,Low Memory
209,1,0,0,0,1,1,0,Low Memory
210,0,1,0,0,1,1,0,Database Bug
211,1,0,0,0,1,1,1,Database Bug
212,0,1,0,0,1,1,0,Database Bug
213,0,0,1,1,1,1,1,Network Latency
214,1,0,1,0,1,1,0,Database Bug
215,1,0,0,0,1,1,0,Database Bug
216,1,0,0,0,0,1,0,Database Bug
217,1,1,1,0,0,0,1,Low Memory
218,0,0,1,1,1,0,0,Network Latency
219,1,0,0,0,0,1,0,Database Bug
220,1,0,0,0,1,0,0,Low Memory
221,1,0,0,0,1,1,0,Database Bug
222,1,0,0,1,1,1,0,Database Bug
223,0,0,1,0,1,0,1,Network Latency
224,0,1,0,0,0,0,1,Low Memory
225,0,0,0,1,0,0,1,Network Latency
226,0,0,1,1,0,1,0,Network Latency
227,0,0,0,0,1,1,0,Database Bug
228,1,1,0,0,1,0,1,Low Memory
229,1,0,0,1,0,1,0,Database Bug
230,0,0,1,1,0,0,0,Network Latency
231,0,1,1,1,1,1,0,Network Latency
232,0,0,1,0,1,0,0,Network Latency
233,1,0,0,0,0,0,0,Database Bug
234,1,0,0,0,1,0,0,Database Bug
235,0,0,1,1,0,0,0,Network Latency
236,0,0,0,0,1,0,0,Network Latency
237,0,1,1,1,0,1,1,Network Latency
238,1,1,0,0,1,0,1,Low Memory
239,1,1,1,1,1,0,1,Low Memory
240,1,1,0,0,1,1,1,Low Memory
241,1,0,1,1,0,0,0,Network Latency
242,1,1,0,1,0,1,1,Database Bug
243,0,0,1,1,1,0,0,Network Latency
244,1,0,0,1,1,0,1,Database Bug
245,0,0,1,1,1,0,1,Network Latency
246,1,0,0,0,0,1,0,Database Bug
247,0,0,1,1,0,0,0,Network Latency
248,0,1,0,0,0,0,0,Low Memory
249,1,0,0,0,0,1,1,Database Bug
250,0,1,0,0,0,0,1,Low Memory
251,0,0,1,1,0,0,1,Network Latency
252,0,1,0,0,0,1,0,Low Memory
253,0,1,0,0,0,0,1,Network Latency
254,0,0,1,0,0,0,0,Network Latency
255,1,1,0,0,0,1,1,Low Memory
256,0,1,1,1,1,0,0,Network Latency
257,1,0,0,1,1,1,1,Database Bug
258,1,1,1,1,0,0,0,Database Bug
259,1,0,1,1,0,0,0,Network Latency
260,0,0,1,0,1,0,0,Network Latency
261,1,1,0,0,1,0,0,Low Memory
262,1,0,0,0,0,0,1,Low Memory
263,1,0,0,0,0,0,0,Database Bug
264,0,0,0,0,1,0,0,Database Bug
265,1,1,1,0,0,1,0,Database Bug
266,1,1,0,0,1,0,0,Low Memory
267,1,0,0,0,1,0,0,Database Bug
268,1,1,1,1,1,1,0,Network Latency
269,0,0,1,1,0,0,1,Network Latency
270,0,0,0,0,0,0,0,Low Memory
271,1,0,0,0,1,1,0,Database Bug
272,0,0,0,1,0,1,0,Network Latency
273,0,0,1,0,0,1,0,Network Latency
274,1,1,0,0,1,0,1,Database Bug
275,1,0,0,0,1,0,0,Database Bug
276,1,1,1,0,0,1,1,Database Bug
277,0,0,1,1,0,1,0,Network Latency
278,1,0,0,1,1,1,1,Network Latency
279,1,0,0,0,1,0,0,Database Bug
280,0,1,1,1,0,1,1,Network Latency
281,1,1,0,0,1,1,1,Low Memory
282,0,0,1,0,1,1,0,Network Latency
283,0,0,0,0,0,1,0,Database Bug
284,1,0,0,1,1,1,0,Database Bug
285,0,0,1,1,0,1,1,Network Latency
286,1,1,0,0,0,0,0,Database Bug
287,0,0,1,1,0,0,0,Network Latency
288,0,0,1,1,1,1,0,Network Latency
289,1,1,1,1,1,0,0,Network Latency
290,1,1,0,1,0,1,0,Database Bug
291,1,1,0,1,1,1,0,Database Bug
292,1,0,0,1,1,1,0,Database Bug
293,0,0,0,0,0,0,1,Database Bug
294,1,1,0,0,1,0,1,Low Memory
295,0,1,1,0,1,0,0,Low Memory
296,0,0,0,0,0,0,1,Database Bug
297,0,0,0,1,0,0,0,Network Latency
298,1,1,1,0,0,0,0,Low Memory
299,0,1,1,1,1,0,0,Network Latency
300,1,0,0,0,1,1,0,Database Bug
301,0,0,0,0,1,0,1,Low Memory
302,0,0,0,0,0,0,1,Low Memory
303,0,1,1,0,0,1,1,Low Memory
304,0,1,0,1,1,0,1,Low Memory
305,1,1,0,1,0,1,0,Network Latency
306,0,0,1,1,0,0,0,Network Latency
307,1,0,0,1,1,0,0,Network Latency
308,0,0,0,1,1,0,1,Database Bug
309,0,1,0,0,1,0,1,Low Memory
310,0,0,0,1,1,0,1,Network Latency
311,1,0,0,0,0,0,1,Low Memory
312,1,0,1,0,0,0,0,Database Bug
313,0,1,0,0,0,1,1,Low Memory
314,0,1,1,0,0,1,0,Database Bug
315,1,0,1,0,1,0,0,Network Latency
316,1,0,0,0,1,0,1,Low Memory
317,0,1,0,0,0,1,1,Low Memory
318,0,1,0,1,0,0,1,Low Memory
319,0,1,1,0,0,1,0,Network Latency
320,0,1,0,0,0,0,0,Low Memory
321,0,1,1,1,1,0,0,Network Latency
322,1,0,0,0,0,0,0,Low Memory
323,1,1,0,0,1,0,1,Low Memory
324,0,1,1,0,0,0,1,Low Memory
325,0,0,1,1,1,0,0,Network Latency
326,0,1,0,0,0,1,1,Low Memory
327,0,1,0,0,0,0,1,Low Memory
328,0,0,1,0,0,1,0,Network Latency
329,0,0,1,1,0,1,0,Network Latency
330,0,0,0,0,0,0,1,Low Memory
331,1,1,0,0,0,0,0,Database Bug
332,1,1,1,0,0,1,1,Low Memory
333,1,1,0,0,0,1,1,Low Memory
334,1,1,1,1,0,0,0,Network Latency
335,0,0,0,0,0,0,1,Low Memory
336,1,0,0,1,1,1,1,Database Bug
337,0,1,1,0,0,0,1,Low Memory
338,1,0,1,0,0,1,0,Database Bug
339,1,0,0,1,1,1,0,Database Bug
340,0,0,1,1,1,0,0,Network Latency
341,1,0,0,0,1,0,1,Network Latency
342,1,0,1,0,0,1,0,Database Bug
343,0,0,0,0,0,1,0,Low Memory
344,1,0,0,0,1,1,0,Database Bug
345,0,1,1,1,1,0,0,Network Latency
346,0,0,1,0,0,0,0,Network Latency
347,0,1,0,1,1,0,0,Network Latency
348,1,1,1,1,1,1,0,Database Bug
349,0,0,1,0,0,0,0,Network Latency
350,1,0,0,0,0,1,0,Database Bug
351,0,0,0,0,0,0,1,Low Memory
352,1,0,0,1,1,1,1,Database Bug
353,1,0,0,0,0,1,0,Database Bug
354,1,0,0,0,1,1,1,Database Bug
355,0,0,1,1,1,0,0,Network Latency
356,0,1,0,1,0,1,0,Low Memory
357,0,0,1,0,1,0,1,Network Latency
358,0,1,1,1,0,0,1,Low Memory
359,1,0,0,0,0,1,0,Database Bug
360,1,0,0,0,1,1,0,Database Bug
361,0,0,1,1,1,0,0,Network Latency
362,1,1,0,0,0,1,1,Low Memory
363,1,0,0,0,0,1,0,Database Bug
364,0,1,0,0,0,1,1,Low Memory
365,0,1,1,1,0,1,1,Network Latency
366,0,0,0,0,0,0,1,Low Memory
367,1,1,0,1,0,1,0,Database Bug
368,1,0,0,0,0,1,1,Database Bug
369,0,1,0,0,0,1,1,Low Memory
370,0,0,1,1,0,0,0,Network Latency
371,1,1,0,1,1,0,1,Low Memory
372,1,1,1,0,0,1,0,Database Bug
373,0,1,0,0,0,0,1,Low Memory
374,1,1,0,0,1,0,1,Database Bug
375,0,0,1,1,1,0,0,Network Latency
376,0,1,0,0,0,0,1,Low Memory
377,1,1,1,1,0,0,0,Network Latency
378,1,0,1,1,1,0,0,Network Latency
379,1,0,1,1,1,0,0,Network Latency
380,0,0,1,1,0,0,0,Network Latency
381,1,0,1,1,1,0,0,Network Latency
382,1,1,0,1,0,1,1,Low Memory
383,0,0,1,1,1,0,0,Network Latency
384,0,1,1,0,1,0,1,Low Memory
385,1,0,0,1,0,0,0,Network Latency
386,0,0,1,0,0,1,0,Network Latency
387,1,1,0,0,0,1,0,Database Bug
388,0,1,0,1,1,0,1,Low Memory
389,0,1,1,0,1,1,1,Low Memory
390,1,0,0,0,0,1,0,Database Bug
391,0,1,0,0,1,0,1,Low Memory
392,0,0,0,0,1,0,0,Low Memory
393,0,1,1,0,1,0,1,Low Memory
394,0,1,0,0,0,0,0,Low Memory
395,0,1,0,0,1,0,1,Low Memory
396,0,0,1,1,1,0,0,Network Latency
397,1,0,0,0,0,0,0,Database Bug
398,0,0,0,0,0,0,0,Low Memory
399,1,1,0,1,0,1,1,Low Memory
400,1,1,0,0,1,1,0,Low Memory
401,0,1,0,0,0,0,1,Low Memory
402,0,1,0,1,0,1,1,Low Memory
403,0,0,0,0,0,0,0,Network Latency
404,1,0,0,0,1,1,0,Database Bug
405,0,0,0,1,0,0,1,Low Memory
406,0,0,1,1,1,0,0,Network Latency
407,0,0,1,1,0,0,0,Network Latency
408,1,1,0,0,0,1,0,Database Bug
409,1,0,0,0,0,1,0,Database Bug
410,1,1,1,0,1,0,1,Low Memory
411,0,0,1,1,0,1,0,Network Latency
412,0,0,1,1,0,0,0,Network Latency
413,0,1,0,0,1,0,0,Network Latency
414,1,1,0,0,1,1,0,Database Bug
415,1,1,1,0,0,1,0,Database Bug
416,1,0,0,0,1,1,0,Database Bug
417,0,1,0,0,0,0,0,Low Memory
418,0,0,0,0,1,0,1,Low Memory
419,0,1,0,1,1,0,1,Low Memory
420,0,0,1,1,1,1,1,Network Latency
421,0,1,0,1,0,1,0,Low Memory
422,1,1,0,0,1,0,0,Database Bug
423,1,0,1,0,0,1,0,Network Latency
424,1,0,0,0,1,1,0,Database Bug
425,1,0,0,0,0,1,0,Database Bug
426,0,0,1,1,1,0,0,Network Latency
427,0,1,1,0,1,0,0,Network Latency
428,0,0,0,0,1,0,0,Network Latency
429,0,1,0,0,0,0,0,Low Memory
430,1,0,0,0,0,1,0,Database Bug
431,0,0,1,1,1,0,0,Network Latency
432,1,0,0,0,0,0,0,Low Memory
433,1,0,1,0,0,1,0,Database Bug
434,1,0,0,0,1,0,0,Database Bug
435,0,0,0,0,1,0,1,Database Bug
436,1,1,0,0,1,1,1,Database Bug
437,1,0,0,0,1,0,0,Database Bug
438,0,0,1,1,0,1,1,Network Latency
439,0,1,1,0,1,0,1,Low Memory
440,0,1,0,1,1,0,0,Low Memory
441,0,0,1,1,1,1,0,Network Latency
442,0,1,0,1,1,1,0,Database Bug
443,0,1,1,0,0,1,0,Database Bug
444,1,1,1,0,1,0,1,Low Memory
445,1,0,0,0,1,1,1,Database Bug
446,0,0,1,1,0,0,0,Network Latency
447,1,1,0,1,0,0,1,Low Memory
448,0,0,1,1,1,0,0,Network Latency
449,1,0,1,0,0,1,0,Database Bug
450,0,0,1,1,0,0,0,Network Latency
451,0,0,1,1,0,1,0,Network Latency
452,0,1,0,0,0,1,1,Low Memory
453,1,1,1,1,0,1,1,Database Bug
454,0,0,1,0,0,0,1,Network Latency
455,0,0,0,1,1,1,0,Database Bug
456,0,0,0,0,0,1,0,Database Bug
457,1,0,0,1,1,1,0,Database Bug
458,0,0,0,1,0,0,1,Network Latency
459,0,1,1,0,1,0,0,Network Latency
460,0,1,0,0,1,0,1,Low Memory
461,0,0,1,1,0,1,0,Network Latency
462,0,0,1,1,0,0,0,Network Latency
463,1,0,1,1,1,0,1,Network Latency
464,0,0,0,0,1,1,0,Database Bug
465,1,0,1,1,1,0,0,Network Latency
466,0,0,0,1,1,0,1,Network Latency
467,0,1,0,0,0,0,1,Low Memory
468,1,0,0,0,0,1,0,Database Bug
469,0,1,0,0,0,0,1,Low Memory
470,0,1,0,0,0,0,0,Low Memory
471,1,1,1,1,0,1,0,Database Bug
472,0,1,1,0,1,1,1,Low Memory
473,0,1,0,1,0,0,0,Network Latency
474,0,1,1,1,0,0,1,Low Memory
475,0,1,1,0,0,0,1,Low Memory
476,1,0,0,0,0,0,0,Database Bug
477,0,1,1,1,0,0,1,Low Memory
478,0,1,0,0,1,1,0,Low Memory
479,1,1,0,0,0,0,1,Low Memory
480,0,0,0,0,1,1,0,Database Bug
481,0,0,1,0,0,0,0,Network Latency
482,0,1,1,0,0,1,1,Low Memory
483,1,1,0,0,1,1,0,Database Bug
484,1,0,0,0,1,1,0,Database Bug
485,1,0,0,0,1,1,1,Low Memory
486,1,0,0,0,1,1,0,Database Bug
487,0,1,1,0,0,1,0,Low Memory
488,0,0,1,1,0,0,0,Network Latency
489,0,0,1,1,1,1,0,Database Bug
490,0,1,0,0,0,0,1,Low Memory
491,1,1,0,0,1,0,1,Low Memory
492,1,1,0,0,0,0,1,Low Memory
493,0,0,1,1,1,0,1,Network Latency
494,1,0,1,0,1,0,1,Low Memory
495,1,0,1,1,1,0,0,Network Latency
496,1,0,0,1,1,1,1,Database Bug
497,1,0,0,0,1,0,0,Database Bug
498,1,1,0,0,1,0,0,Database Bug
499,1,1,0,0,1,1,1,Database Bug
500,0,0,0,1,0,0,0,Low Memory
501,1,0,0,1,1,1,0,Database Bug
502,0,0,0,1,1,0,0,Network Latency
503,1,1,0,0,0,0,0,Low Memory
504,0,1,0,0,1,0,1,Low Memory
505,1,1,0,0,1,1,0,Database Bug
506,1,0,0,0,0,0,0,Network Latency
507,1,0,0,1,1,1,0,Database Bug
508,1,0,0,0,0,0,1,Low Memory
509,1,0,0,0,1,1,0,Low Memory
510,0,1,0,0,1,1,0,Database Bug
511,1,0,0,0,1,1,1,Database Bug
512,0,1,0,0,1,1,0,Database Bug
513,0,0,1,1,1,1,1,Network Latency
514,1,0,1,0,1,1,0,Database Bug
515,1,0,0,0,1,1,0,Database Bug
516,1,0,0,0,0,1,0,Database Bug
517,1,1,1,0,0,0,1,Low Memory
518,0,0,1,1,1,0,0,Network Latency
519,1,0,0,0,0,1,0,Database Bug
520,1,0,0,0,1,0,0,Low Memory
521,1,0,0,0,1,1,0,Database Bug
522,1,0,0,1,1,1,0,Database Bug
523,0,0,1,0,1,0,1,Network Latency
524,0,1,0,0,0,0,1,Low Memory
525,0,0,0,1,0,0,1,Network Latency
526,0,0,1,1,0,1,0,Network Latency
527,0,0,0,0,1,1,0,Database Bug
528,1,1,0,0,1,0,1,Low Memory
529,1,0,0,1,0,1,0,Database Bug
530,0,0,1,1,0,0,0,Network Latency
531,0,1,1,1,1,1,0,Network Latency
532,0,0,1,0,1,0,0,Network Latency
533,1,0,0,0,0,0,0,Database Bug
534,1,0,0,0,1,0,0,Database Bug
535,0,0,1,1,0,0,0,Network Latency
536,0,0,0,0,1,0,0,Network Latency
537,0,1,1,1,0,1,1,Network Latency
538,1,1,0,0,1,0,1,Low Memory
539,1,1,1,1,1,0,1,Low Memory
540,1,1,0,0,1,1,1,Low Memory
541,1,0,1,1,0,0,0,Network Latency
542,1,1,0,1,0,1,1,Database Bug
543,0,0,1,1,1,0,0,Network Latency
544,1,0,0,1,1,0,1,Database Bug
545,0,0,1,1,1,0,1,Network Latency
546,1,0,0,0,0,1,0,Database Bug
547,0,0,1,1,0,0,0,Network Latency
548,0,1,0,0,0,0,0,Low Memory
549,1,0,0,0,0,1,1,Database Bug
550,0,1,0,0,0,0,1,Low Memory
551,0,0,1,1,0,0,1,Network Latency
552,0,1,0,0,0,1,0,Low Memory
553,0,1,0,0,0,0,1,Network Latency
554,0,0,1,0,0,0,0,Network Latency
555,1,1,0,0,0,1,1,Low Memory
556,0,1,1,1,1,0,0,Network Latency
557,1,0,0,1,1,1,1,Database Bug
558,1,1,1,1,0,0,0,Database Bug
559,1,0,1,1,0,0,0,Network Latency
560,0,0,1,0,1,0,0,Network Latency
561,1,1,0,0,1,0,0,Low Memory
562,1,0,0,0,0,0,1,Low Memory
563,1,0,0,0,0,0,0,Database Bug
564,0,0,0,0,1,0,0,Database Bug
565,1,1,1,0,0,1,0,Database Bug
566,1,1,0,0,1,0,0,Low Memory
567,1,0,0,0,1,0,0,Database Bug
568,1,1,1,1,1,1,0,Network Latency
569,0,0,1,1,0,0,1,Network Latency
570,0,0,0,0,0,0,0,Low Memory
571,1,0,0,0,1,1,0,Database Bug
572,0,0,0,1,0,1,0,Network Latency
573,0,0,1,0,0,1,0,Network Latency
574,1,1,0,0,1,0,1,Database Bug
575,1,0,0,0,1,0,0,Database Bug
576,1,1,1,0,0,1,1,Database Bug
577,0,0,1,1,0,1,0,Network Latency
578,1,0,0,1,1,1,1,Network Latency
579,1,0,0,0,1,0,0,Database Bug
580,0,1,1,1,0,1,1,Network Latency
581,1,1,0,0,1,1,1,Low Memory
582,0,0,1,0,1,1,0,Network Latency
583,0,0,0,0,0,1,0,Database Bug
584,1,0,0,1,1,1,0,Database Bug
585,0,0,1,1,0,1,1,Network Latency
586,1,1,0,0,0,0,0,Database Bug
587,0,0,1,1,0,0,0,Network Latency
588,0,0,1,1,1,1,0,Network Latency
589,1,1,1,1,1,0,0,Network Latency
590,1,1,0,1,0,1,0,Database Bug
591,1,1,0,1,1,1,0,Database Bug
592,1,0,0,1,1,1,0,Database Bug
593,0,0,0,0,0,0,1,Database Bug
594,1,1,0,0,1,0,1,Low Memory
595,0,1,1,0,1,0,0,Low Memory
596,0,0,0,0,0,0,1,Database Bug
597,0,0,0,1,0,0,0,Network Latency
598,1,1,1,0,0,0,0,Low Memory
599,0,1,1,1,1,0,0,Network Latency
600,1,0,0,0,1,1,0,Database Bug
601,0,0,0,0,1,0,1,Low Memory
602,0,0,0,0,0,0,1,Low Memory
603,0,1,1,0,0,1,1,Low Memory
604,0,1,0,1,1,0,1,Low Memory
605,1,1,0,1,0,1,0,Network Latency
606,0,0,1,1,0,0,0,Network Latency
607,1,0,0,1,1,0,0,Network Latency
608,0,0,0,1,1,0,1,Database Bug
609,0,1,0,0,1,0,1,Low Memory
610,0,0,0,1,1,0,1,Network Latency
611,1,0,0,0,0,0,1,Low Memory
612,1,0,1,0,0,0,0,Database Bug
613,0,1,0,0,0,1,1,Low Memory
614,0,1,1,0,0,1,0,Database Bug
615,1,0,1,0,1,0,0,Network Latency
616,1,0,0,0,1,0,1,Low Memory
617,0,1,0,0,0,1,1,Low Memory
618,0,1,0,1,0,0,1,Low Memory
619,0,1,1,0,0,1,0,Network Latency
620,0,1,0,0,0,0,0,Low Memory
621,0,1,1,1,1,0,0,Network Latency
622,1,0,0,0,0,0,0,Low Memory
623,1,1,0,0,1,0,1,Low Memory
624,0,1,1,0,0,0,1,Low Memory
625,0,0,1,1,1,0,0,Network Latency
626,0,1,0,0,0,1,1,Low Memory
627,0,1,0,0,0,0,1,Low Memory
628,0,0,1,0,0,1,0,Network Latency
629,0,0,1,1,0,1,0,Network Latency
630,0,0,0,0,0,0,1,Low Memory
631,1,1,0,0,0,0,0,Database Bug
632,1,1,1,0,0,1,1,Low Memory
633,1,1,0,0,0,1,1,Low Memory
634,1,1,1,1,0,0,0,Network Latency
635,0,0,0,0,0,0,1,Low Memory
636,1,0,0,1,1,1,1,Database Bug
637,0,1,1,0,0,0,1,Low Memory
638,1,0,1,0,0,1,0,Database Bug
639,1,0,0,1,1,1,0,Database Bug
640,0,0,1,1,1,0,0,Network Latency
641,1,0,0,0,1,0,1,Network Latency
642,1,0,1,0,0,1,0,Database Bug
643,0,0,0,0,0,1,0,Low Memory
644,1,0,0,0,1,1,0,Database Bug
645,0,1,1,1,1,0,0,Network Latency
646,0,0,1,0,0,0,0,Network Latency
647,0,1,0,1,1,0,0,Network Latency
648,1,1,1,1,1,1,0,Database Bug
649,0,0,1,0,0,0,0,Network Latency
650,1,0,0,0,0,1,0,Database Bug
651,0,0,0,0,0,0,1,Low Memory
652,1,0,0,1,1,1,1,Database Bug
653,1,0,0,0,0,1,0,Database Bug
654,1,0,0,0,1,1,1,Database Bug
655,0,0,1,1,1,0,0,Network Latency
656,0,1,0,1,0,1,0,Low Memory
657,0,0,1,0,1,0,1,Network Latency
658,0,1,1,1,0,0,1,Low Memory
659,1,0,0,0,0,1,0,Database Bug
660,1,0,0,0,1,1,0,Database Bug
661,0,0,1,1,1,0,0,Network Latency
662,1,1,0,0,0,1,1,Low Memory
663,1,0,0,0,0,1,0,Database Bug
664,0,1,0,0,0,1,1,Low Memory
665,0,1,1,1,0,1,1,Network Latency
666,0,0,0,0,0,0,1,Low Memory
667,1,1,0,1,0,1,0,Database Bug
668,1,0,0,0,0,1,1,Database Bug
669,0,1,0,0,0,1,1,Low Memory
670,0,0,1,1,0,0,0,Network Latency
671,1,1,0,1,1,0,1,Low Memory
672,1,1,1,0,0,1,0,Database Bug
673,0,1,0,0,0,0,1,Low Memory
674,1,1,0,0,1,0,1,Database Bug
675,0,0,1,1,1,0,0,Network Latency
676,0,1,0,0,0,0,1,Low Memory
677,1,1,1,1,0,0,0,Network Latency
678,1,0,1,1,1,0,0,Network Latency
679,1,0,1,1,1,0,0,Network Latency
680,0,0,1,1,0,0,0,Network Latency
681,1,0,1,1,1,0,0,Network Latency
682,1,1,0,1,0,1,1,Low Memory
683,0,0,1,1,1,0,0,Network Latency
684,0,1,1,0,1,0,1,Low Memory
685,1,0,0,1,0,0,0,Network Latency
686,0,0,1,0,0,1,0,Network Latency
687,1,1,0,0,0,1,0,Database Bug
688,0,1,0,1,1,0,1,Low Memory
689,0,1,1,0,1,1,1,Low Memory
690,1,0,0,0,0,1,0,Database Bug
691,0,1,0,0,1,0,1,Low Memory
692,0,0,0,0,1,0,0,Low Memory
693,0,1,1,0,1,0,1,Low Memory
694,0,1,0,0,0,0,0,Low Memory
695,0,1,0,0,1,0,1,Low Memory
696,0,0,1,1,1,0,0,Network Latency
697,1,0,0,0,0,0,0,Database Bug
698,0,0,0,0,0,0,0,Low Memory
699,1,1,0,1,0,1,1,Low Memory
700,1,1,0,0,1,1,0,Low Memory
701,0,1,0,0,0,0,1,Low Memory
702,0,1,0,1,0,1,1,Low Memory
703,0,0,0,0,0,0,0,Network Latency
704,1,0,0,0,1,1,0,Database Bug
705,0,0,0,1,0,0,1,Low Memory
706,0,0,1,1,1,0,0,Network Latency
707,0,0,1,1,0,0,0,Network Latency
708,1,1,0,0,0,1,0,Database Bug
709,1,0,0,0,0,1,0,Database Bug
710,1,1,1,0,1,0,1,Low Memory
711,0,0,1,1,0,1,0,Network Latency
712,0,0,1,1,0,0,0,Network Latency
713,0,1,0,0,1,0,0,Network Latency
714,1,1,0,0,1,1,0,Database Bug
715,1,1,1,0,0,1,0,Database Bug
716,1,0,0,0,1,1,0,Database Bug
717,0,1,0,0,0,0,0,Low Memory
718,0,0,0,0,1,0,1,Low Memory
719,0,1,0,1,1,0,1,Low Memory
720,0,0,1,1,1,1,1,Network Latency
721,0,1,0,1,0,1,0,Low Memory
722,1,1,0,0,1,0,0,Database Bug
723,1,0,1,0,0,1,0,Network Latency
724,1,0,0,0,1,1,0,Database Bug
725,1,0,0,0,0,1,0,Database Bug
726,0,0,1,1,1,0,0,Network Latency
727,0,1,1,0,1,0,0,Network Latency
728,0,0,0,0,1,0,0,Network Latency
729,0,1,0,0,0,0,0,Low Memory
730,1,0,0,0,0,1,0,Database Bug
731,0,0,1,1,1,0,0,Network Latency
732,1,0,0,0,0,0,0,Low Memory
733,1,0,1,0,0,1,0,Database Bug
734,1,0,0,0,1,0,0,Database Bug
735,0,0,0,0,1,0,1,Database Bug
736,1,1,0,0,1,1,1,Database Bug
737,1,0,0,0,1,0,0,Database Bug
738,0,0,1,1,0,1,1,Network Latency
739,0,1,1,0,1,0,1,Low Memory
740,0,1,0,1,1,0,0,Low Memory
741,0,0,1,1,1,1,0,Network Latency
742,0,1,0,1,1,1,0,Database Bug
743,0,1,1,0,0,1,0,Database Bug
744,1,1,1,0,1,0,1,Low Memory
745,1,0,0,0,1,1,1,Database Bug
746,0,0,1,1,0,0,0,Network Latency
747,1,1,0,1,0,0,1,Low Memory
748,0,0,1,1,1,0,0,Network Latency
749,1,0,1,0,0,1,0,Database Bug
750,0,0,1,1,0,0,0,Network Latency
751,0,0,1,1,0,1,0,Network Latency
752,0,1,0,0,0,1,1,Low Memory
753,1,1,1,1,0,1,1,Database Bug
754,0,0,1,0,0,0,1,Network Latency
755,0,0,0,1,1,1,0,Database Bug
756,0,0,0,0,0,1,0,Database Bug
757,1,0,0,1,1,1,0,Database Bug
758,0,0,0,1,0,0,1,Network Latency
759,0,1,1,0,1,0,0,Network Latency
760,0,1,0,0,1,0,1,Low Memory
761,0,0,1,1,0,1,0,Network Latency
762,0,0,1,1,0,0,0,Network Latency
763,1,0,1,1,1,0,1,Network Latency
764,0,0,0,0,1,1,0,Database Bug
765,1,0,1,1,1,0,0,Network Latency
766,0,0,0,1,1,0,1,Network Latency
767,0,1,0,0,0,0,1,Low Memory
768,1,0,0,0,0,1,0,Database Bug
769,0,1,0,0,0,0,1,Low Memory
770,0,1,0,0,0,0,0,Low Memory
771,1,1,1,1,0,1,0,Database Bug
772,0,1,1,0,1,1,1,Low Memory
773,0,1,0,1,0,0,0,Network Latency
774,0,1,1,1,0,0,1,Low Memory
775,0,1,1,0,0,0,1,Low Memory
776,1,0,0,0,0,0,0,Database Bug
777,0,1,1,1,0,0,1,Low Memory
778,0,1,0,0,1,1,0,Low Memory
779,1,1,0,0,0,0,1,Low Memory
780,0,0,0,0,1,1,0,Database Bug
781,0,0,1,0,0,0,0,Network Latency
782,0,1,1,0,0,1,1,Low Memory
783,1,1,0,0,1,1,0,Database Bug
784,1,0,0,0,1,1,0,Database Bug
785,1,0,0,0,1,1,1,Low Memory
786,1,0,0,0,1,1,0,Database Bug
787,0,1,1,0,0,1,0,Low Memory
788,0,0,1,1,0,0,0,Network Latency
789,0,0,1,1,1,1,0,Database Bug
790,0,1,0,0,0,0,1,Low Memory
791,1,1,0,0,1,0,1,Low Memory
792,1,1,0,0,0,0,1,Low Memory
793,0,0,1,1,1,0,1,Network Latency
794,1,0,1,0,1,0,1,Low Memory
795,1,0,1,1,1,0,0,Network Latency
796,1,0,0,1,1,1,1,Database Bug
797,1,0,0,0,1,0,0,Database Bug
798,1,1,0,0,1,0,0,Database Bug
799,1,1,0,0,1,1,1,Database Bug
800,0,0,0,1,0,0,0,Low Memory
801,1,0,0,1,1,1,0,Database Bug
802,0,0,0,1,1,0,0,Network Latency
803,1,1,0,0,0,0,0,Low Memory
804,0,1,0,0,1,0,1,Low Memory
805,1,1,0,0,1,1,0,Database Bug
806,1,0,0,0,0,0,0,Network Latency
807,1,0,0,1,1,1,0,Database Bug
808,1,0,0,0,0,0,1,Low Memory
809,1,0,0,0,1,1,0,Low Memory
810,0,1,0,0,1,1,0,Database Bug
811,1,0,0,0,1,1,1,Database Bug
812,0,1,0,0,1,1,0,Database Bug
813,0,0,1,1,1,1,1,Network Latency
814,1,0,1,0,1,1,0,Database Bug
815,1,0,0,0,1,1,0,Database Bug
816,1,0,0,0,0,1,0,Database Bug
817,1,1,1,0,0,0,1,Low Memory
818,0,0,1,1,1,0,0,Network Latency
819,1,0,0,0,0,1,0,Database Bug
820,1,0,0,0,1,0,0,Low Memory
821,1,0,0,0,1,1,0,Database Bug
822,1,0,0,1,1,1,0,Database Bug
823,0,0,1,0,1,0,1,Network Latency
824,0,1,0,0,0,0,1,Low Memory
825,0,0,0,1,0,0,1,Network Latency
826,0,0,1,1,0,1,0,Network Latency
827,0,0,0,0,1,1,0,Database Bug
828,1,1,0,0,1,0,1,Low Memory
829,1,0,0,1,0,1,0,Database Bug
830,0,0,1,1,0,0,0,Network Latency
831,0,1,1,1,1,1,0,Network Latency
832,0,0,1,0,1,0,0,Network Latency
833,1,0,0,0,0,0,0,Database Bug
834,1,0,0,0,1,0,0,Database Bug
835,0,0,1,1,0,0,0,Network Latency
836,0,0,0,0,1,0,0,Network Latency
837,0,1,1,1,0,1,1,Network Latency
838,1,1,0,0,1,0,1,Low Memory
839,1,1,1,1,1,0,1,Low Memory
840,1,1,0,0,1,1,1,Low Memory
841,1,0,1,1,0,0,0,Network Latency
842,1,1,0,1,0,1,1,Database Bug
843,0,0,1,1,1,0,0,Network Latency
844,1,0,0,1,1,0,1,Database Bug
845,0,0,1,1,1,0,1,Network Latency
846,1,0,0,0,0,1,0,Database Bug
847,0,0,1,1,0,0,0,Network Latency
848,0,1,0,0,0,0,0,Low Memory
849,1,0,0,0,0,1,1,Database Bug
850,0,1,0,0,0,0,1,Low Memory
851,0,0,1,1,0,0,1,Network Latency
852,0,1,0,0,0,1,0,Low Memory
853,0,1,0,0,0,0,1,Network Latency
854,0,0,1,0,0,0,0,Network Latency
855,1,1,0,0,0,1,1,Low Memory
856,0,1,1,1,1,0,0,Network Latency
857,1,0,0,1,1,1,1,Database Bug
858,1,1,1,1,0,0,0,Database Bug
859,1,0,1,1,0,0,0,Network Latency
860,0,0,1,0,1,0,0,Network Latency
861,1,1,0,0,1,0,0,Low Memory
862,1,0,0,0,0,0,1,Low Memory
863,1,0,0,0,0,0,0,Database Bug
864,0,0,0,0,1,0,0,Database Bug
865,1,1,1,0,0,1,0,Database Bug
866,1,1,0,0,1,0,0,Low Memory
867,1,0,0,0,1,0,0,Database Bug
868,1,1,1,1,1,1,0,Network Latency
869,0,0,1,1,0,0,1,Network Latency
870,0,0,0,0,0,0,0,Low Memory
871,1,0,0,0,1,1,0,Database Bug
872,0,0,0,1,0,1,0,Network Latency
873,0,0,1,0,0,1,0,Network Latency
874,1,1,0,0,1,0,1,Database Bug
875,1,0,0,0,1,0,0,Database Bug
876,1,1,1,0,0,1,1,Database Bug
877,0,0,1,1,0,1,0,Network Latency
878,1,0,0,1,1,1,1,Network Latency
879,1,0,0,0,1,0,0,Database Bug
880,0,1,1,1,0,1,1,Network Latency
881,1,1,0,0,1,1,1,Low Memory
882,0,0,1,0,1,1,0,Network Latency
883,0,0,0,0,0,1,0,Database Bug
884,1,0,0,1,1,1,0,Database Bug
885,0,0,1,1,0,1,1,Network Latency
886,1,1,0,0,0,0,0,Database Bug
887,0,0,1,1,0,0,0,Network Latency
888,0,0,1,1,1,1,0,Network Latency
889,1,1,1,1,1,0,0,Network Latency
890,1,1,0,1,0,1,0,Database Bug
891,1,1,0,1,1,1,0,Database Bug
892,1,0,0,1,1,1,0,Database Bug
893,0,0,0,0,0,0,1,Database Bug
894,1,1,0,0,1,0,1,Low Memory
895,0,1,1,0,1,0,0,Low Memory
896,0,0,0,0,0,0,1,Database Bug
897,0,0,0,1,0,0,0,Network Latency
898,1,1,1,0,0,0,0,Low Memory
899,0,1,1,1,1,0,0,Network Latency
900,1,0,0,0,1,1,0,Database Bug
901,1,0,0,1,1,1,0,Database Bug
902,0,0,0,1,1,0,0,Network Latency
903,1,1,0,0,0,0,0,Low Memory
904,0,1,0,0,1,0,1,Low Memory
905,1,1,0,0,1,1,0,Database Bug
906,1,0,0,0,0,0,0,Network Latency
907,1,0,0,1,1,1,0,Database Bug
908,1,0,0,0,0,0,1,Low Memory
909,1,0,0,0,1,1,0,Low Memory
910,0,1,0,0,1,1,0,Database Bug
911,1,0,0,0,1,1,1,Database Bug
912,0,1,0,0,1,1,0,Database Bug
913,0,0,1,1,1,1,1,Network Latency
914,1,0,1,0,1,1,0,Database Bug
915,1,0,0,0,1,1,0,Database Bug
916,1,0,0,0,0,1,0,Database Bug
917,1,1,1,0,0,0,1,Low Memory
918,0,0,1,1,1,0,0,Network Latency
919,1,0,0,0,0,1,0,Database Bug
920,1,0,0,0,1,0,0,Low Memory
921,1,0,0,0,1,1,0,Database Bug
922,1,0,0,1,1,1,0,Database Bug
923,0,0,1,0,1,0,1,Network Latency
924,0,1,0,0,0,0,1,Low Memory
925,0,0,0,1,0,0,1,Network Latency
926,0,0,1,1,0,1,0,Network Latency
927,0,0,0,0,1,1,0,Database Bug
928,1,1,0,0,1,0,1,Low Memory
929,1,0,0,1,0,1,0,Database Bug
930,0,0,1,1,0,0,0,Network Latency
931,0,1,1,1,1,1,0,Network Latency
932,0,0,1,0,1,0,0,Network Latency
933,1,0,0,0,0,0,0,Database Bug
934,1,0,0,0,1,0,0,Database Bug
935,0,0,1,1,0,0,0,Network Latency
936,0,0,0,0,1,0,0,Network Latency
937,0,1,1,1,0,1,1,Network Latency
938,1,1,0,0,1,0,1,Low Memory
939,1,1,1,1,1,0,1,Low Memory
940,1,1,0,0,1,1,1,Low Memory
941,1,0,1,1,0,0,0,Network Latency
942,1,1,0,1,0,1,1,Database Bug
943,0,0,1,1,1,0,0,Network Latency
944,1,0,0,1,1,0,1,Database Bug
945,0,0,1,1,1,0,1,Network Latency
946,1,0,0,0,0,1,0,Database Bug
947,0,0,1,1,0,0,0,Network Latency
948,0,1,0,0,0,0,0,Low Memory
949,1,0,0,0,0,1,1,Database Bug
950,0,1,0,0,0,0,1,Low Memory
951,0,0,1,1,0,0,1,Network Latency
952,0,1,0,0,0,1,0,Low Memory
953,0,1,0,0,0,0,1,Network Latency
954,0,0,1,0,0,0,0,Network Latency
955,1,1,0,0,0,1,1,Low Memory
956,0,1,1,1,1,0,0,Network Latency
957,1,0,0,1,1,1,1,Database Bug
958,1,1,1,1,0,0,0,Database Bug
959,1,0,1,1,0,0,0,Network Latency
960,0,0,1,0,1,0,0,Network Latency
961,1,1,0,0,1,0,0,Low Memory
962,1,0,0,0,0,0,1,Low Memory
963,1,0,0,0,0,0,0,Database Bug
964,0,0,0,0,1,0,0,Database Bug
965,1,1,1,0,0,1,0,Database Bug
966,1,1,0,0,1,0,0,Low Memory
967,1,0,0,0,1,0,0,Database Bug
968,1,1,1,1,1,1,0,Network Latency
969,0,0,1,1,0,0,1,Network Latency
970,0,0,0,0,0,0,0,Low Memory
971,1,0,0,0,1,1,0,Database Bug
972,0,0,0,1,0,1,0,Network Latency
973,0,0,1,0,0,1,0,Network Latency
974,1,1,0,0,1,0,1,Database Bug
975,1,0,0,0,1,0,0,Database Bug
976,1,1,1,0,0,1,1,Database Bug
977,0,0,1,1,0,1,0,Network Latency
978,1,0,0,1,1,1,1,Network Latency
979,1,0,0,0,1,0,0,Database Bug
980,0,1,1,1,0,1,1,Network Latency
981,1,1,0,0,1,1,1,Low Memory
982,0,0,1,0,1,1,0,Network Latency
983,0,0,0,0,0,1,0,Database Bug
984,1,0,0,1,1,1,0,Database Bug
985,0,0,1,1,0,1,1,Network Latency
986,1,1,0,0,0,0,0,Database Bug
987,0,0,1,1,0,0,0,Network Latency
988,0,0,1,1,1,1,0,Network Latency
989,1,1,1,1,1,0,0,Network Latency
990,1,1,0,1,0,1,0,Database Bug
991,1,1,0,1,1,1,0,Database Bug
992,1,0,0,1,1,1,0,Database Bug
993,0,0,0,0,0,0,1,Database Bug
994,1,1,0,0,1,0,1,Low Memory
995,0,1,1,0,1,0,0,Low Memory
996,0,0,0,0,0,0,1,Database Bug
997,0,0,0,1,0,0,0,Network Latency
998,1,1,1,0,0,0,0,Low Memory
999,0,1,1,1,1,0,0,Network Latency
1000,1,0,0,0,1,1,0,Database Bug
